FIA World Endurance Championship;dlInHighest
DTM;dlInHighest
ADAC Motorsports;dlInHighest
Formula 1;dlIn1080p
RedLetterMedia;dlInHighest
Cinemassacre;dlInHighest
Marvelous Videos;dlInHighest
Phelan Porteous;dlInHighest
Michael MJD;dlInHighest
Sim Rig Racer;dlIn1080p
USF Pro Championships;dlIn1080p
MetalJesusRocks;dlIn1080p
OddityArchive;dlInHighest
LGR;dlInHighest
2kliksphilip;dlInHighest
Game Sack;dlIn1080p
IMSA Official;dlInHighest
Netzkino;dlInHighest
Moviedome;dlInHighest
LIMO Recording Studio;dlIn1080p
Modern Vintage Gamer;dlIn1080p
GoodBadFlicks;dlInHighest
Stoned Gremlin Productions;dlIn1080p
Kirsten Dirksen;dlIn1080p
DTM's Channel;dlIn1080p
UKF Drum & Bass;dlInHighest
FIA World Rally Championship;dlInHighest
brutalmoose;dlIn1080p
N\u00fcrburgring;dlInHighest
DreamShell;dlInHighest
DreamcasticChannel;dlIn1080p
DVDfeverGames;dlIn1080p
dergartenkanal;dlIn1080p
Wu Tang Collection;dlIn1080p
Netzkino;dlInHighest
R.I.P. der Vidiot;dlIn720p
snokri - ein Korb voll Pilze;dlIn1080p
Esppiral V;dlInHighest
UKF Drum & Bass;dlIn1080p
Costenaro Play;dlInHighest
OverTake_gg;dlInHighest
WATCH NOW - SCI-FI & FANTASY;dlInHighest
thesegaguru;dlIn1080p
\u0423\u044e\u0442\u043d\u044b\u0439 \u043f\u043e\u0434\u0432\u0430\u043b\u044c\u0447\u0438\u043a;dlInHighest
StopGame - All about video games!;dlIn1080p
Sky Sport Formel 1;dlIn1080p
kepuexe;dlInHighest
Oliver Harper;dlIn1080p
NTT INDYCAR SERIES;dlInHighest
Russian Premier Liga;dlIn1080p
KHL;dlIn1080p
CiNENET Deutschland;dlInHighest
GTWorld;dlInHighest
Bulldox - Kampffilme, Action, Martial-Arts;dlIn1080p
Flix For Free;dlInHighest
PILOTES;dlInHighest
VirtuaIceMan;dlInHighest
Webspoon World;dlInHighest
Formula Regional European Championship by Alpine;dlInHighest